finding_id,status,assignee,note,category_a,category_b,side_a,side_b,point_mm,first_seen_utc,last_seen_utc,resolved_utc,times_seen,regression,scope,external_source,external_issue_id,priority,responsible,immovable_discipline
ba7bfa56319c2cb60f96537b5e032e29,resolved_by_model,,,Pipes,Ducts,host||sample-a-0000,host||sample-b-0000,47852.0 22393.0 6100.0,2026-08-31T22:00:00Z,2026-09-21T22:00:00Z,2026-09-22T22:00:00Z,4,false,navisworks,navisworks,ISS-2bef80b36714,low,HID,HVAC
c09bb890b096f7306f688cc6d1dad34e,assigned,,,Pipes,Ducts,host||sample-a-0001,host||sample-b-0001,9450.0 4240.0 2900.0,2026-09-02T08:00:00Z,2026-09-09T08:00:00Z,,2,false,bcf,bcf,ISS-c3e8d6bf76fe,low,HID,HVAC
cf1126f67238bf3e85fcc8c8737b72e8,closed_by_decision,,,Pipes,Walls,host||sample-a-0002,host||sample-b-0002,55356.0 17809.0 6100.0,2026-08-31T15:00:00Z,2026-09-14T15:00:00Z,,3,false,navisworks,navisworks,ISS-0b38826e86ea,critical,HID,ARQ
619aae029dda528253a6af0ba619b45b,accepted_risk,,,Conduits,Structural Framing,host||sample-a-0003,host||sample-b-0003,28312.0 27765.0 2900.0,2026-09-15T10:00:00Z,2026-10-06T10:00:00Z,,4,false,category:OST_PipeCurves|OST_StructuralColumns,,,medium,ELE,EST
adfec5772ae8932aa10896037b0779be,resolved_by_model,,,Pipes,Ducts,host||sample-a-0004,host||sample-b-0004,6515.0 2454.0 2900.0,2026-09-23T04:00:00Z,2026-09-30T04:00:00Z,2026-10-01T04:00:00Z,2,false,category:OST_PipeCurves|OST_StructuralColumns,,,critical,HID,HVAC
547cd2ba3a17b483651496c5ba8c78f1,assigned,,,Pipes,Structural Columns,host||sample-a-0005,host||sample-b-0005,55990.0 17815.0 3100.0,2026-09-16T04:00:00Z,2026-09-16T04:00:00Z,,1,false,bcf,bcf,ISS-c8a368411bdf,critical,HID,EST
fe91c0394869857c0e93272302f4d04f,closed_by_decision,,,Ducts,Floors,host||sample-a-0006,host||sample-b-0006,6308.0 22133.0 2900.0,2026-08-31T16:00:00Z,2026-09-14T16:00:00Z,,3,false,bcf,bcf,ISS-223ff60f4660,medium,HVAC,EST
54fb7dd2dda0de70bd366f9c3e6d4a24,resolved_by_model,,,Pipes,Walls,host||sample-a-0007,host||sample-b-0007,25563.0 23298.0 2700.0,2026-09-15T23:00:00Z,2026-10-06T23:00:00Z,2026-10-11T23:00:00Z,4,false,category:OST_PipeCurves|OST_StructuralColumns,,,critical,HID,ARQ
e62f41d02c28cb089872e955dfb86a9a,open,,,Cable Trays,Ducts,host||sample-a-0008,host||sample-b-0008,2180.0 19071.0 2900.0,2026-09-02T05:00:00Z,2026-09-23T05:00:00Z,,4,false,category:OST_PipeCurves|OST_StructuralColumns,,,low,ELE,HVAC
80c7068f531db65831e8fa8ffa3dd5e6,resolved_by_model,,,Pipes,Structural Columns,host||sample-a-0009,host||sample-b-0009,58904.0 3225.0 2700.0,2026-09-07T18:00:00Z,2026-09-21T18:00:00Z,2026-09-23T18:00:00Z,3,false,navisworks,navisworks,ISS-de469bd4b73e,critical,HID,EST
bbbf6087bb65a5971fb5f866337afcb4,accepted_risk,,,Pipes,Structural Columns,host||sample-a-0010,host||sample-b-0010,53696.0 10539.0 6100.0,2026-09-01T07:00:00Z,2026-09-22T07:00:00Z,,4,false,bcf,bcf,ISS-19c2076ab009,high,HID,EST
8ba376ff1c58639b7542a33489f5e478,assigned,,,Pipes,Ducts,host||sample-a-0011,host||sample-b-0011,54939.0 19522.0 6100.0,2026-09-15T04:00:00Z,2026-09-22T04:00:00Z,,2,false,bcf,bcf,ISS-9f9c66dece8c,medium,HID,HVAC
ffd9e1a9b2d266cba7ae5f1891913f24,open,mep-team,,Ducts,Structural Framing,host||sample-a-0012,host||sample-b-0012,1552.0 4713.0 5800.0,2026-09-09T10:00:00Z,2026-09-09T10:00:00Z,,1,false,category:OST_PipeCurves|OST_StructuralColumns,,,medium,HVAC,EST
dc42311a655a248061e1123806d6cb43,assigned,mep-team,,Ducts,Structural Framing,host||sample-a-0013,host||sample-b-0013,14311.0 21504.0 5800.0,2026-09-15T17:00:00Z,2026-10-06T17:00:00Z,,4,false,navisworks,navisworks,ISS-866101b9b0ee,high,HVAC,EST
02a89307b85ea2827b57ca24c40c7dce,assigned,,,Ducts,Structural Framing,host||sample-a-0014,host||sample-b-0014,9354.0 18196.0 2900.0,2026-09-09T14:00:00Z,2026-09-09T14:00:00Z,,1,false,navisworks,navisworks,ISS-9f3af6d36f28,high,HVAC,EST
140b301c09f87725303e57d41795ce54,open,mep-team,,Cable Trays,Ducts,host||sample-a-0015,host||sample-b-0015,35192.0 3802.0 5800.0,2026-09-01T14:00:00Z,2026-09-22T14:00:00Z,,4,false,category:OST_PipeCurves|OST_StructuralColumns,,,medium,ELE,HVAC
1f1a4e4aa7d3153078da1954aa4dc0a3,open,,,Pipes,Structural Columns,host||sample-a-0016,host||sample-b-0016,12796.0 22084.0 6100.0,2026-09-15T06:00:00Z,2026-10-06T06:00:00Z,,4,false,category:OST_PipeCurves|OST_StructuralColumns,,,low,HID,EST
bb221d08d7db417568ea6b8124fa6085,assigned,,,Pipes,Walls,host||sample-a-0017,host||sample-b-0017,51709.0 1609.0 3100.0,2026-09-16T03:00:00Z,2026-10-07T03:00:00Z,,4,false,navisworks,navisworks,ISS-e25cf2fe7a79,critical,HID,ARQ
53b5fd271d63e4d8aa0013e72eb23cf0,assigned,structure-team,,Pipes,Structural Columns,host||sample-a-0018,host||sample-b-0018,15229.0 7202.0 6100.0,2026-09-09T04:00:00Z,2026-09-23T04:00:00Z,,3,false,category:OST_PipeCurves|OST_StructuralColumns,,,low,HID,EST
9bb62a963d263959c31a895ea8280119,resolved_by_model,,,Pipes,Structural Columns,host||sample-a-0019,host||sample-b-0019,54479.0 436.0 6100.0,2026-09-08T19:00:00Z,2026-09-22T19:00:00Z,2026-09-23T19:00:00Z,3,false,category:OST_PipeCurves|OST_StructuralColumns,,,high,HID,EST
b17578491f900ac355e02190d7efbd0f,closed_by_decision,structure-team,,Pipes,Structural Columns,host||sample-a-0020,host||sample-b-0020,44751.0 21007.0 2700.0,2026-08-31T22:00:00Z,2026-09-21T22:00:00Z,,4,false,navisworks,navisworks,ISS-7bd71e497083,low,HID,EST
1201496551bf9c139b93437e511ec826,resolved_by_model,,,Conduits,Structural Framing,host||sample-a-0021,host||sample-b-0021,41614.0 26587.0 5800.0,2026-09-16T04:00:00Z,2026-09-30T04:00:00Z,2026-10-01T04:00:00Z,3,false,navisworks,navisworks,ISS-119aa66ca5ee,medium,ELE,EST
3fa36082b61325809277b2ef7a1c5d34,assigned,mep-team,,Conduits,Structural Framing,host||sample-a-0022,host||sample-b-0022,19718.0 25019.0 6100.0,2026-09-09T10:00:00Z,2026-09-09T10:00:00Z,,1,false,navisworks,navisworks,ISS-bb77ec2a029d,medium,ELE,EST
d29d5c24b8c4330de0ef9ce674da4b92,open,,,Cable Trays,Ducts,host||sample-a-0023,host||sample-b-0023,31617.0 9769.0 2900.0,2026-09-21T20:00:00Z,2026-10-12T20:00:00Z,,4,false,bcf,bcf,ISS-34dc7b512668,high,ELE,HVAC
27785f9f058dbcc4d706cbabf7055928,open,structure-team,,Ducts,Structural Framing,host||sample-a-0024,host||sample-b-0024,50510.0 1056.0 2700.0,2026-09-09T02:00:00Z,2026-09-16T02:00:00Z,,2,false,navisworks,navisworks,ISS-aec4c7143bbb,medium,HVAC,EST
2ee8474e444b64219764d2882afe3f12,open,mep-team,,Conduits,Structural Framing,host||sample-a-0025,host||sample-b-0025,28864.0 29138.0 5800.0,2026-09-16T02:00:00Z,2026-10-07T02:00:00Z,,4,true,navisworks,navisworks,ISS-19bbaf04482e,high,ELE,EST
a54a39d077c8b504048ccf1497c3b7c2,resolved_by_model,,,Ducts,Floors,host||sample-a-0026,host||sample-b-0026,9577.0 20423.0 3100.0,2026-09-01T18:00:00Z,2026-09-01T18:00:00Z,2026-09-04T18:00:00Z,1,false,navisworks,navisworks,ISS-e4a0a4254e79,low,HVAC,EST
a9c3ed876d70c32600ac0a4971d2d00a,resolved_by_model,,,Pipes,Walls,host||sample-a-0027,host||sample-b-0027,49925.0 13605.0 2700.0,2026-09-02T09:00:00Z,2026-09-16T09:00:00Z,2026-09-22T09:00:00Z,3,false,category:OST_PipeCurves|OST_StructuralColumns,,,critical,HID,ARQ
44805c1f38867f2bbdd1ad09fb900c19,resolved_by_model,,,Pipes,Walls,host||sample-a-0028,host||sample-b-0028,3865.0 24365.0 6100.0,2026-09-15T05:00:00Z,2026-09-22T05:00:00Z,2026-09-27T05:00:00Z,2,false,navisworks,navisworks,ISS-5a9a8287290d,low,HID,ARQ
b3670e908ff476f841f37440647491f5,open,,,Ducts,Structural Framing,host||sample-a-0029,host||sample-b-0029,32336.0 5236.0 2900.0,2026-09-08T23:00:00Z,2026-09-29T23:00:00Z,,4,false,navisworks,navisworks,ISS-6040c3f97194,low,HVAC,EST
284fe2394c84db3e23a277a1c8fa6f0f,assigned,mep-team,,Sprinklers,Ducts,host||sample-a-0030,host||sample-b-0030,32319.0 19019.0 5800.0,2026-09-23T03:00:00Z,2026-10-07T03:00:00Z,,3,false,navisworks,navisworks,ISS-73a50e78569c,medium,RCI,HVAC
5cb044acdc78e25e9c2eb957678fef98,open,,,Cable Trays,Ducts,host||sample-a-0031,host||sample-b-0031,58924.0 11611.0 6100.0,2026-09-08T13:00:00Z,2026-09-08T13:00:00Z,,1,false,navisworks,navisworks,ISS-1aa59f0eaebe,high,ELE,HVAC
ef36790b487559cff915a358e2781368,resolved_by_model,,,Pipes,Walls,host||sample-a-0032,host||sample-b-0032,54706.0 13830.0 3100.0,2026-09-22T21:00:00Z,2026-10-06T21:00:00Z,2026-10-09T21:00:00Z,3,false,navisworks,navisworks,ISS-c1a56a0d4ee2,low,HID,ARQ
5e80f7bb6103a6388715726add293b85,accepted_risk,structure-team,,Sprinklers,Ducts,host||sample-a-0033,host||sample-b-0033,30906.0 15987.0 3100.0,2026-09-15T14:00:00Z,2026-09-29T14:00:00Z,,3,false,navisworks,navisworks,ISS-f437accf642e,critical,RCI,HVAC
55f8a97d7580738556faac9afd03d12f,closed_by_decision,mep-team,,Pipes,Walls,host||sample-a-0034,host||sample-b-0034,57229.0 21553.0 2900.0,2026-09-16T08:00:00Z,2026-09-23T08:00:00Z,,2,false,bcf,bcf,ISS-adda7a30a813,medium,HID,ARQ
6ed17da4b2767f5e3b12ad7a5aa27a2c,resolved_by_model,,,Ducts,Structural Framing,host||sample-a-0035,host||sample-b-0035,53404.0 1922.0 5800.0,2026-09-08T02:00:00Z,2026-09-29T02:00:00Z,2026-10-02T02:00:00Z,4,false,navisworks,navisworks,ISS-d0bd41203506,medium,HVAC,EST
cf1d655c5f475f4ba39637d3b6b5a976,open,,,Sprinklers,Ducts,host||sample-a-0036,host||sample-b-0036,2641.0 26849.0 6100.0,2026-09-01T14:00:00Z,2026-09-08T14:00:00Z,,2,false,bcf,bcf,ISS-b590b81302fd,medium,RCI,HVAC
5582a9451d636b409e3427dca1bddbba,resolved_by_model,,,Pipes,Walls,host||sample-a-0037,host||sample-b-0037,5263.0 2661.0 3100.0,2026-09-22T16:00:00Z,2026-10-06T16:00:00Z,2026-10-07T16:00:00Z,3,false,navisworks,navisworks,ISS-5a76e85cfcf1,high,HID,ARQ
b472ba2cb48d39cccbc7d4a2bdefd553,open,structure-team,,Conduits,Structural Framing,host||sample-a-0038,host||sample-b-0038,7805.0 8425.0 5800.0,2026-09-14T15:00:00Z,2026-09-28T15:00:00Z,,3,false,category:OST_PipeCurves|OST_StructuralColumns,,,medium,ELE,EST
1001f7e3e0ca9b4757ad62224ed36c7e,assigned,,,Conduits,Structural Framing,host||sample-a-0039,host||sample-b-0039,20032.0 27378.0 3100.0,2026-09-16T07:00:00Z,2026-09-23T07:00:00Z,,2,false,navisworks,navisworks,ISS-0264983c6202,medium,ELE,EST
6112bd5afb06631e337ee582c80458f4,resolved_by_model,,,Ducts,Structural Framing,host||sample-a-0040,host||sample-b-0040,59053.0 27806.0 5800.0,2026-08-31T19:00:00Z,2026-08-31T19:00:00Z,2026-09-06T19:00:00Z,1,false,navisworks,navisworks,ISS-7fc53c24a39e,critical,HVAC,EST
28db3d0224d86455c148751a1d58aac2,resolved_by_model,,,Ducts,Floors,host||sample-a-0041,host||sample-b-0041,19230.0 15510.0 2700.0,2026-09-09T14:00:00Z,2026-09-16T14:00:00Z,2026-09-20T14:00:00Z,2,false,navisworks,navisworks,ISS-d5abc9bd6c6b,medium,HVAC,EST
e388d21dd54b1f40b2d14188ab06dc17,open,mep-team,,Cable Trays,Ducts,host||sample-a-0042,host||sample-b-0042,59587.0 4800.0 6100.0,2026-08-31T15:00:00Z,2026-09-14T15:00:00Z,,3,false,navisworks,navisworks,ISS-c97f566c8f5b,medium,ELE,HVAC
faf6132ae848aa2774817f3c3a306882,closed_by_decision,mep-team,,Pipes,Structural Columns,host||sample-a-0043,host||sample-b-0043,44412.0 21963.0 5800.0,2026-09-07T17:00:00Z,2026-09-21T17:00:00Z,,3,false,navisworks,navisworks,ISS-84cd33362653,medium,HID,EST
c2c8fafbc22888703bb96e5c198bcf9d,open,,,Sprinklers,Ducts,host||sample-a-0044,host||sample-b-0044,27448.0 18437.0 2700.0,2026-09-02T09:00:00Z,2026-09-02T09:00:00Z,,1,false,navisworks,navisworks,ISS-6daab8d4ae41,medium,RCI,HVAC
417fd825997345bbb770c3f713d2d644,closed_by_decision,,,Cable Trays,Ducts,host||sample-a-0045,host||sample-b-0045,38161.0 9257.0 2900.0,2026-09-14T14:00:00Z,2026-10-05T14:00:00Z,,4,false,navisworks,navisworks,ISS-5b899c1dfc87,critical,ELE,HVAC
50bfde53cc17e2e0e8646abec72fff77,resolved_by_model,,,Pipes,Walls,host||sample-a-0046,host||sample-b-0046,8477.0 7005.0 2700.0,2026-09-22T17:00:00Z,2026-10-13T17:00:00Z,2026-10-16T17:00:00Z,4,false,navisworks,navisworks,ISS-fa31a4778f72,medium,HID,ARQ
4a45267f2148851fed99d9b0af5c6ad3,closed_by_decision,,,Conduits,Structural Framing,host||sample-a-0047,host||sample-b-0047,8334.0 4198.0 2700.0,2026-09-15T05:00:00Z,2026-09-15T05:00:00Z,,1,false,category:OST_PipeCurves|OST_StructuralColumns,,,medium,ELE,EST
4061cac110ff150c7ca5425bdf28c3a6,resolved_by_model,,,Ducts,Floors,host||sample-a-0048,host||sample-b-0048,38894.0 8822.0 6100.0,2026-09-07T22:00:00Z,2026-09-14T22:00:00Z,2026-09-20T22:00:00Z,2,false,category:OST_PipeCurves|OST_StructuralColumns,,,medium,HVAC,EST
54a33336f89babf35be0a2b58b32a645,resolved_by_model,,,Ducts,Structural Framing,host||sample-a-0049,host||sample-b-0049,57998.0 5772.0 3100.0,2026-09-22T02:00:00Z,2026-10-06T02:00:00Z,2026-10-08T02:00:00Z,3,false,navisworks,navisworks,ISS-238ee85e1578,low,HVAC,EST
b4a20cd243d211aba3f3495426ded3fa,resolved_by_model,,,Conduits,Structural Framing,host||sample-a-0050,host||sample-b-0050,33276.0 29200.0 2700.0,2026-09-14T18:00:00Z,2026-10-05T18:00:00Z,2026-10-08T18:00:00Z,4,false,category:OST_PipeCurves|OST_StructuralColumns,,,critical,ELE,EST
089e192c75ac742e4fcf2ac0cd1ad832,assigned,,,Pipes,Structural Columns,host||sample-a-0051,host||sample-b-0051,39872.0 10389.0 2700.0,2026-09-09T00:00:00Z,2026-09-09T00:00:00Z,,1,false,bcf,bcf,ISS-3935492d1ec4,medium,HID,EST
63f70b61f5c0f24cc41b6a97f4a928c1,closed_by_decision,structure-team,,Pipes,Structural Columns,host||sample-a-0052,host||sample-b-0052,32077.0 11302.0 2700.0,2026-09-08T08:00:00Z,2026-09-15T08:00:00Z,,2,false,navisworks,navisworks,ISS-ec2fd5604222,low,HID,EST
a6424dcc0820cb50a4874ab4ee6ea55f,open,,,Sprinklers,Ducts,host||sample-a-0053,host||sample-b-0053,14472.0 10000.0 3100.0,2026-09-22T09:00:00Z,2026-10-13T09:00:00Z,,4,false,bcf,bcf,ISS-ca6a39c3a895,high,RCI,HVAC
0fdcf38110ade4866b0bb8d9f12bf83c,open,mep-team,,Pipes,Structural Columns,host||sample-a-0054,host||sample-b-0054,42924.0 15648.0 6100.0,2026-09-23T10:00:00Z,2026-10-07T10:00:00Z,,3,true,category:OST_PipeCurves|OST_StructuralColumns,,,medium,HID,EST
decfac139e5439777b234fb95100cb76,open,,,Ducts,Structural Framing,host||sample-a-0055,host||sample-b-0055,22755.0 12317.0 5800.0,2026-09-09T13:00:00Z,2026-09-09T13:00:00Z,,1,false,navisworks,navisworks,ISS-7bb86a9ddb7f,low,HVAC,EST
09e25a4e67aef8b0a4356458d4956f40,assigned,,,Pipes,Walls,host||sample-a-0056,host||sample-b-0056,45762.0 4576.0 2900.0,2026-09-15T08:00:00Z,2026-10-06T08:00:00Z,,4,false,bcf,bcf,ISS-2160899c96ec,high,HID,ARQ
bab48b2fb6d84e85ac5d36b471fe2988,open,,,Conduits,Structural Framing,host||sample-a-0057,host||sample-b-0057,7835.0 4232.0 2900.0,2026-09-08T04:00:00Z,2026-09-08T04:00:00Z,,1,false,category:OST_PipeCurves|OST_StructuralColumns,,,low,ELE,EST
3ffe018b912ef8ba09718523650fa960,resolved_by_model,,,Conduits,Structural Framing,host||sample-a-0058,host||sample-b-0058,3310.0 5123.0 2900.0,2026-09-22T05:00:00Z,2026-09-29T05:00:00Z,2026-10-02T05:00:00Z,2,false,navisworks,navisworks,ISS-76bb8b49dee9,critical,ELE,EST
a44a3a84787c826aa125677d93428407,resolved_by_model,,,Conduits,Structural Framing,host||sample-a-0059,host||sample-b-0059,43734.0 13082.0 3100.0,2026-09-21T22:00:00Z,2026-10-05T22:00:00Z,2026-10-07T22:00:00Z,3,false,navisworks,navisworks,ISS-fc7ce627c7f3,medium,ELE,EST
7a356673c6374ca584436340c6cc3c11,assigned,,,Sprinklers,Ducts,host||sample-a-0060,host||sample-b-0060,14975.0 6186.0 5800.0,2026-09-01T15:00:00Z,2026-09-22T15:00:00Z,,4,false,navisworks,navisworks,ISS-6f919f853a44,medium,RCI,HVAC
82c08638ef0d20fc7ca111f3cf4692a9,assigned,,,Cable Trays,Ducts,host||sample-a-0061,host||sample-b-0061,4616.0 23321.0 5800.0,2026-09-09T03:00:00Z,2026-09-16T03:00:00Z,,2,false,category:OST_PipeCurves|OST_StructuralColumns,,,low,ELE,HVAC
ef4983099f0c51c03ed8e7b56f5a63ed,open,,,Ducts,Floors,host||sample-a-0062,host||sample-b-0062,39823.0 4757.0 3100.0,2026-09-01T23:00:00Z,2026-09-22T23:00:00Z,,4,false,navisworks,navisworks,ISS-6265f7f4f136,high,HVAC,EST
abad9c6e843dd9977f5097c0ca1f5497,resolved_by_model,,,Sprinklers,Ducts,host||sample-a-0063,host||sample-b-0063,28160.0 29046.0 3100.0,2026-09-14T14:00:00Z,2026-09-14T14:00:00Z,2026-09-18T14:00:00Z,1,false,navisworks,navisworks,ISS-4a82eb64f0be,medium,RCI,HVAC
41e1543a419fc7200b80fd9cf7a56735,resolved_by_model,,,Conduits,Structural Framing,host||sample-a-0064,host||sample-b-0064,35569.0 12598.0 6100.0,2026-09-22T10:00:00Z,2026-09-22T10:00:00Z,2026-09-26T10:00:00Z,1,false,navisworks,navisworks,ISS-ed07ac537e28,medium,ELE,EST
f4f724359f5d2809250594bef6a25174,resolved_by_model,,,Pipes,Ducts,host||sample-a-0065,host||sample-b-0065,31819.0 22484.0 5800.0,2026-09-15T19:00:00Z,2026-09-29T19:00:00Z,2026-10-02T19:00:00Z,3,false,category:OST_PipeCurves|OST_StructuralColumns,,,medium,HID,HVAC
d2147ce73b761af60b763720db4afbc5,resolved_by_model,,,Ducts,Floors,host||sample-a-0066,host||sample-b-0066,25856.0 21603.0 5800.0,2026-09-01T19:00:00Z,2026-09-01T19:00:00Z,2026-09-06T19:00:00Z,1,false,navisworks,navisworks,ISS-a735e564143d,low,HVAC,EST
0beb6d51859caedbc136f7f063d65c9f,resolved_by_model,,,Pipes,Walls,host||sample-a-0067,host||sample-b-0067,26251.0 27259.0 5800.0,2026-09-14T16:00:00Z,2026-10-05T16:00:00Z,2026-10-07T16:00:00Z,4,false,navisworks,navisworks,ISS-c60e9dd80421,medium,HID,ARQ
e4b2c4914ed9a918415ccd21a8fa95f2,assigned,mep-team,,Pipes,Ducts,host||sample-a-0068,host||sample-b-0068,23346.0 20211.0 2900.0,2026-09-08T15:00:00Z,2026-09-08T15:00:00Z,,1,false,navisworks,navisworks,ISS-e748dd6f1a3f,medium,HID,HVAC
cf20bee32e1dc27c34d4e6404006cfa8,open,,,Conduits,Structural Framing,host||sample-a-0069,host||sample-b-0069,378.0 29697.0 6100.0,2026-09-22T07:00:00Z,2026-10-06T07:00:00Z,,3,false,bcf,bcf,ISS-27bfd98ade5c,critical,ELE,EST
fecdc55b101f80542ab9481e21aed3ac,resolved_by_model,,,Pipes,Structural Columns,host||sample-a-0070,host||sample-b-0070,32091.0 2860.0 6100.0,2026-09-23T02:00:00Z,2026-09-23T02:00:00Z,2026-09-27T02:00:00Z,1,false,category:OST_PipeCurves|OST_StructuralColumns,,,high,HID,EST
fbb9e912d13bcdccca7c82c6ace10b30,resolved_by_model,,,Conduits,Structural Framing,host||sample-a-0071,host||sample-b-0071,48663.0 21616.0 6100.0,2026-09-02T12:00:00Z,2026-09-09T12:00:00Z,2026-09-13T12:00:00Z,2,false,navisworks,navisworks,ISS-99275c150b22,low,ELE,EST
